email,first_name,last_name,gender,country,phone_code,phone,password,group
email1@email.com,First Name 1,Last Name 1,Male,,,,,
email2@email.com,First Name 2,Last Name 2,Female,,,,,
email3@email.com,First Name 3,Last Name 3,Male,,,,,
email4@email.com,First Name 4,Last Name 4,Female,,,,,
email5@email.com,First Name 5,Last Name 5,Male,,,,,
email6@email.com,First Name 6,Last Name 6,Female,,,,,
email7@email.com,First Name 7,Last Name 7,Male,,,,,
email8@email.com,First Name 8,Last Name 8,Female,,,,,
email9@email.com,First Name 9,Last Name 9,Male,,,,,
email10@email.com,First Name 10,Last Name 10,Female,,,,,
